{
  "timestamp": "2025-08-18T13:16:41.017320",
  "model_uri": "models:/MNIST-CNN/latest",
  "overall_accuracy": 98.38,
  "total_samples": 10000,
  "correct_samples": 9838,
  "class_metrics": {
    "class_0": {
      "precision": 0.975,
      "recall": 0.9948979591836735,
      "f1_score": 0.9848484848484849,
      "support": 980
    },
    "class_1": {
      "precision": 0.9938162544169611,
      "recall": 0.9911894273127754,
      "f1_score": 0.992501102779003,
      "support": 1135
    },
    "class_2": {
      "precision": 0.9873417721518988,
      "recall": 0.9825581395348837,
      "f1_score": 0.9849441476444876,
      "support": 1032
    },
    "class_3": {
      "precision": 0.9930209371884346,
      "recall": 0.9861386138613861,
      "f1_score": 0.9895678092399404,
      "support": 1010
    },
    "class_4": {
      "precision": 0.974,
      "recall": 0.9918533604887984,
      "f1_score": 0.9828456104944501,
      "support": 982
    },
    "class_5": {
      "precision": 0.9683060109289617,
      "recall": 0.9932735426008968,
      "f1_score": 0.9806308799114555,
      "support": 892
    },
    "class_6": {
      "precision": 0.990506329113924,
      "recall": 0.9801670146137788,
      "f1_score": 0.9853095487932844,
      "support": 958
    },
    "class_7": {
      "precision": 0.9731285988483686,
      "recall": 0.9863813229571985,
      "f1_score": 0.9797101449275363,
      "support": 1028
    },
    "class_8": {
      "precision": 0.9885892116182573,
      "recall": 0.9784394250513347,
      "f1_score": 0.9834881320949432,
      "support": 974
    },
    "class_9": {
      "precision": 0.9927760577915377,
      "recall": 0.9534192269573836,
      "f1_score": 0.9726996966632963,
      "support": 1009
    }
  },
  "confusion_matrix": [
    [
      975,
      0,
      0,
      0,
      0,
      0,
      2,
      1,
      1,
      1
    ],
    [
      0,
      1125,
      4,
      0,
      0,
      1,
      2,
      1,
      2,
      0
    ],
    [
      4,
      0,
      1014,
      1,
      3,
      0,
      0,
      8,
      2,
      0
    ],
    [
      2,
      0,
      0,
      996,
      0,
      5,
      0,
      6,
      1,
      0
    ],
    [
      1,
      0,
      1,
      0,
      974,
      0,
      2,
      0,
      1,
      3
    ],
    [
      1,
      0,
      0,
      2,
      0,
      886,
      2,
      1,
      0,
      0
    ],
    [
      7,
      2,
      0,
      0,
      4,
      6,
      939,
      0,
      0,
      0
    ],
    [
      1,
      2,
      7,
      1,
      0,
      0,
      0,
      1014,
      2,
      1
    ],
    [
      4,
      0,
      1,
      1,
      3,
      6,
      1,
      3,
      953,
      2
    ],
    [
      5,
      3,
      0,
      2,
      16,
      11,
      0,
      8,
      2,
      962
    ]
  ],
  "sample_predictions": [
    {
      "prediction": 7,
      "label": 7,
      "confidence": 1.0
    },
    {
      "prediction": 2,
      "label": 2,
      "confidence": 0.9999783039093018
    },
    {
      "prediction": 1,
      "label": 1,
      "confidence": 0.9998471736907959
    },
    {
      "prediction": 0,
      "label": 0,
      "confidence": 0.9999983310699463
    },
    {
      "prediction": 4,
      "label": 4,
      "confidence": 0.9999969005584717
    },
    {
      "prediction": 1,
      "label": 1,
      "confidence": 0.9999324083328247
    },
    {
      "prediction": 4,
      "label": 4,
      "confidence": 0.9999161958694458
    },
    {
      "prediction": 9,
      "label": 9,
      "confidence": 0.989303708076477
    },
    {
      "prediction": 5,
      "label": 5,
      "confidence": 0.9924845099449158
    },
    {
      "prediction": 9,
      "label": 9,
      "confidence": 0.998855471611023
    },
    {
      "prediction": 0,
      "label": 0,
      "confidence": 0.9999998807907104
    },
    {
      "prediction": 6,
      "label": 6,
      "confidence": 0.9999715089797974
    },
    {
      "prediction": 9,
      "label": 9,
      "confidence": 0.9997859597206116
    },
    {
      "prediction": 0,
      "label": 0,
      "confidence": 0.9999998807907104
    },
    {
      "prediction": 1,
      "label": 1,
      "confidence": 0.9999759197235107
    },
    {
      "prediction": 5,
      "label": 5,
      "confidence": 0.999687910079956
    },
    {
      "prediction": 9,
      "label": 9,
      "confidence": 0.9999351501464844
    },
    {
      "prediction": 7,
      "label": 7,
      "confidence": 0.9999992847442627
    },
    {
      "prediction": 3,
      "label": 3,
      "confidence": 0.9800313711166382
    },
    {
      "prediction": 4,
      "label": 4,
      "confidence": 0.9999997615814209
    },
    {
      "prediction": 9,
      "label": 9,
      "confidence": 0.9982960820198059
    },
    {
      "prediction": 6,
      "label": 6,
      "confidence": 0.9999397993087769
    },
    {
      "prediction": 6,
      "label": 6,
      "confidence": 0.9999459981918335
    },
    {
      "prediction": 5,
      "label": 5,
      "confidence": 0.9999752044677734
    },
    {
      "prediction": 4,
      "label": 4,
      "confidence": 0.9999836683273315
    },
    {
      "prediction": 0,
      "label": 0,
      "confidence": 0.9999980926513672
    },
    {
      "prediction": 7,
      "label": 7,
      "confidence": 0.9999679327011108
    },
    {
      "prediction": 4,
      "label": 4,
      "confidence": 1.0
    },
    {
      "prediction": 0,
      "label": 0,
      "confidence": 0.9999995231628418
    },
    {
      "prediction": 1,
      "label": 1,
      "confidence": 0.9997485280036926
    },
    {
      "prediction": 3,
      "label": 3,
      "confidence": 0.9999991655349731
    },
    {
      "prediction": 1,
      "label": 1,
      "confidence": 0.9988885521888733
    },
    {
      "prediction": 3,
      "label": 3,
      "confidence": 0.9999997615814209
    },
    {
      "prediction": 4,
      "label": 4,
      "confidence": 0.9926496148109436
    },
    {
      "prediction": 7,
      "label": 7,
      "confidence": 0.999997615814209
    },
    {
      "prediction": 2,
      "label": 2,
      "confidence": 0.999993085861206
    },
    {
      "prediction": 7,
      "label": 7,
      "confidence": 0.9999228715896606
    },
    {
      "prediction": 1,
      "label": 1,
      "confidence": 0.9999452829360962
    },
    {
      "prediction": 2,
      "label": 2,
      "confidence": 0.999299168586731
    },
    {
      "prediction": 1,
      "label": 1,
      "confidence": 0.9998548030853271
    },
    {
      "prediction": 1,
      "label": 1,
      "confidence": 0.9987778067588806
    },
    {
      "prediction": 7,
      "label": 7,
      "confidence": 0.9999465942382812
    },
    {
      "prediction": 4,
      "label": 4,
      "confidence": 0.9999669790267944
    },
    {
      "prediction": 2,
      "label": 2,
      "confidence": 0.9998993873596191
    },
    {
      "prediction": 3,
      "label": 3,
      "confidence": 0.9997078776359558
    },
    {
      "prediction": 5,
      "label": 5,
      "confidence": 0.999975323677063
    },
    {
      "prediction": 1,
      "label": 1,
      "confidence": 0.9978984594345093
    },
    {
      "prediction": 2,
      "label": 2,
      "confidence": 0.9999998807907104
    },
    {
      "prediction": 4,
      "label": 4,
      "confidence": 0.9999934434890747
    },
    {
      "prediction": 4,
      "label": 4,
      "confidence": 0.9999994039535522
    },
    {
      "prediction": 6,
      "label": 6,
      "confidence": 0.9999915361404419
    },
    {
      "prediction": 3,
      "label": 3,
      "confidence": 0.9999929666519165
    },
    {
      "prediction": 5,
      "label": 5,
      "confidence": 0.9999874830245972
    },
    {
      "prediction": 5,
      "label": 5,
      "confidence": 0.9999494552612305
    },
    {
      "prediction": 6,
      "label": 6,
      "confidence": 0.9999966621398926
    },
    {
      "prediction": 0,
      "label": 0,